{
    "parent": "block/carved_pumpkin",
	"textures": {
		"0": "item/pumpkin/binding",
		"1": "block/iron_chain",
		"particle": "item/pumpkin/binding"
	},
	"elements": [
		{
			"from": [-2, -1, 8],
			"to": [1, 17, 8],
			"rotation": {"angle": -45, "axis": "y", "origin": [-0.5, 8, 8]},
			"faces": {
				"north": {"uv": [0, 0, 3, 16], "texture": "#1"},
				"south": {"uv": [0, 0, 3, 16], "texture": "#1"}
			}
		},
		{
			"from": [-2, -1, 8],
			"to": [1, 17, 8],
			"rotation": {"angle": 45, "axis": "y", "origin": [-0.5, 8, 8]},
			"faces": {
				"north": {"uv": [3, 0, 6, 16], "texture": "#1"},
				"south": {"uv": [3, 0, 6, 16], "texture": "#1"}
			}
		},
		{
			"from": [16, -1, 8],
			"to": [19, 17, 8],
			"rotation": {"angle": 45, "axis": "y", "origin": [17.5, 8, 8]},
			"faces": {
				"north": {"uv": [3, 0, 6, 16], "texture": "#1"},
				"south": {"uv": [3, 0, 6, 16], "texture": "#1"}
			}
		},
		{
			"from": [16, -1, 8],
			"to": [19, 17, 8],
			"rotation": {"angle": -45, "axis": "y", "origin": [17.5, 8, 8]},
			"faces": {
				"north": {"uv": [0, 0, 3, 16], "texture": "#1"},
				"south": {"uv": [0, 0, 3, 16], "texture": "#1"}
			}
		},
		{
			"from": [-1, 15, 8],
			"to": [17, 18, 8],
			"rotation": {"angle": -45, "axis": "x", "origin": [8, 16.6, 8]},
			"faces": {
				"north": {"uv": [3, 0, 6, 16], "rotation": 270, "texture": "#1"},
				"south": {"uv": [3, 0, 6, 16], "rotation": 90, "texture": "#1"}
			}
		},
		{
			"from": [-1, 15, 8],
			"to": [17, 18, 8],
			"rotation": {"angle": 45, "axis": "x", "origin": [8, 16.6, 8]},
			"faces": {
				"north": {"uv": [0, 0, 3, 16], "rotation": 270, "texture": "#1"},
				"south": {"uv": [0, 0, 3, 16], "rotation": 90, "texture": "#1"}
			}
		},
		{
			"from": [-1, -2.25, 8],
			"to": [17, 0.75, 8],
			"rotation": {"angle": 45, "axis": "x", "origin": [8, -0.75, 8]},
			"faces": {
				"north": {"uv": [0, 0, 3, 16], "rotation": 270, "texture": "#1"},
				"south": {"uv": [0, 0, 3, 16], "rotation": 90, "texture": "#1"}
			}
		},
		{
			"from": [-1, -2.25, 8],
			"to": [17, 0.75, 8],
			"rotation": {"angle": -45, "axis": "x", "origin": [8, -0.75, 8]},
			"faces": {
				"north": {"uv": [3, 0, 6, 16], "rotation": 270, "texture": "#1"},
				"south": {"uv": [3, 0, 6, 16], "rotation": 90, "texture": "#1"}
			}
		},
		{
			"from": [17, -1, 7.05],
			"to": [22, 3, 9.05],
			"rotation": {"angle": 22.5, "axis": "z", "origin": [19.5, 2.75, 8.025]},
			"faces": {
				"north": {"uv": [2, 2, 7, 6], "texture": "#0"},
				"east": {"uv": [0, 2, 2, 6], "texture": "#0"},
				"south": {"uv": [9, 2, 14, 6], "texture": "#0"},
				"west": {"uv": [7, 2, 9, 6], "texture": "#0"},
				"up": {"uv": [2, 0, 7, 2], "rotation": 180, "texture": "#0"},
				"down": {"uv": [9, 0, 14, 2], "rotation": 180, "texture": "#0"}
			}
		},
		{
			"from": [17, 3, 7.75],
			"to": [22, 6, 8.25],
			"rotation": {"angle": 22.5, "axis": "z", "origin": [19.5, 2.75, 8.025]},
			"faces": {
				"north": {"uv": [0, 6, 5, 9], "texture": "#0"},
				"east": {"uv": [0, 6, 1, 9], "texture": "#0"},
				"south": {"uv": [0, 6, 5, 9], "texture": "#0"},
				"west": {"uv": [4, 6, 5, 9], "texture": "#0"},
				"up": {"uv": [0, 6, 5, 7], "rotation": 180, "texture": "#0"},
				"down": {"uv": [0, 8, 5, 9], "rotation": 180, "texture": "#0"}
			}
		}
	]
}