{
  "model": {
    "type": "minecraft:select",
    "property": "minecraft:display_context",
    "cases": [
      {
        "when": [
          "fixed"
        ],
        "model": {
          "type": "minecraft:select",
          "property": "minecraft:component",
          "component": "minecraft:custom_name",
          "cases": [
            {
              "when": [
                "Plate of Bread",
                "Plated Bread",
                "Bread on Plate",
                "Bread on a Plate",
                "Bread Plate",
                "Bread Plated"
              ],
              "model": {
                "type": "minecraft:model",
                "model": "minecraft:item/plated_foods/plated_bread_3d"
              }
            }
          ],
          "fallback": {
            "type": "minecraft:model",
            "model": "minecraft:item/bread"
          }
        }
      },
      {
        "when": [
          "firstperson_righthand",
          "firstperson_lefthand",
          "thirdperson_righthand",
          "thirdperson_lefthand",
          "head",
          "ground"
        ],
        "model": {
          "type": "minecraft:select",
          "property": "minecraft:component",
          "component": "minecraft:custom_name",
          "cases": [
            {
              "when": [
                "Plate of Bread",
                "Plated Bread",
                "Bread on Plate",
                "Bread on a Plate",
                "Bread Plate",
                "Bread Plated"
              ],
              "model": {
                "type": "minecraft:model",
                "model": "minecraft:item/plated_foods/plated_bread_3d"
              }
            }
          ],
          "fallback": {
            "type": "minecraft:condition",
            "property": "minecraft:using_item",
            "on_true": {
              "type": "minecraft:range_dispatch",
              "property": "minecraft:use_duration",
              "entries": [
                {
                  "threshold": 0,
                  "model": {
                    "type": "minecraft:model",
                    "model": "item/eatinganimation/bread/bread_eat_0"
                  }
                },
                {
                  "threshold": 5.33,
                  "model": {
                    "type": "minecraft:model",
                    "model": "item/eatinganimation/bread/bread_eat_1"
                  }
                },
                {
                  "threshold": 10.66,
                  "model": {
                    "type": "minecraft:model",
                    "model": "item/eatinganimation/bread/bread_eat_2"
                  }
                },
                {
                  "threshold": 16,
                  "model": {
                    "type": "minecraft:model",
                    "model": "item/eatinganimation/bread/bread_eat_3"
                  }
                },
                {
                  "threshold": 21.33,
                  "model": {
                    "type": "minecraft:model",
                    "model": "item/eatinganimation/bread/bread_eat_4"
                  }
                },
                {
                  "threshold": 26.66,
                  "model": {
                    "type": "minecraft:model",
                    "model": "item/eatinganimation/bread/bread_eat_5"
                  }
                },
                {
                  "threshold": 31.5,
                  "model": {
                    "type": "minecraft:model",
                    "model": "item/bread_3d"
                  }
                }
              ]
            },
            "on_false": {
              "type": "minecraft:model",
              "model": "minecraft:item/bread_3d"
            }
          }
        }
      },
      {
        "when": [
          "gui"
        ],
        "model": {
          "type": "minecraft:select",
          "property": "minecraft:component",
          "component": "minecraft:custom_name",
          "cases": [
            {
              "when": [
                "Plate of Bread",
                "Plated Bread",
                "Bread on Plate",
                "Bread on a Plate",
                "Bread Plate",
                "Bread Plated"
              ],
              "model": {
                "type": "minecraft:model",
                "model": "minecraft:item/plated_foods/plated_bread"
              }
            }
          ],
          "fallback": {
            "type": "minecraft:model",
            "model": "minecraft:item/bread"
          }
        }
      }
    ],
    "fallback": {
      "type": "minecraft:model",
      "model": "minecraft:item/bread"
    }
  }
}