{
    "hand_animation_on_swap": false,
    "model": {
        "type": "composite",
        "models": [
            {
                "type": "condition",
                "property": "minecraft:component",
                "predicate": "minecraft:enchantments",
                "value": [{
                    "enchantments": "minecraft:soul_speed"
                }],
                "on_true": { "type": "model", "model": "minecraft:item/armor/boots/soul_speed" },
                "on_false": { "type": "empty" }
            },
            {
                "type": "condition",
                "property": "minecraft:component",
                "predicate": "minecraft:enchantments",
                "value": [{
                    "enchantments": "minecraft:depth_strider"
                }],
                "on_true": { "type": "model", "model": "minecraft:item/armor/boots/depth_strider" },
                "on_false": { "type": "empty" }
            },
            {
                "type": "condition",
                "property": "minecraft:component",
                "predicate": "minecraft:enchantments",
                "value": [{
                    "enchantments": "minecraft:feather_falling"
                }],
                "on_true": { "type": "model", "model": "minecraft:item/armor/boots/feather_falling" },
                "on_false": { "type": "empty" }
            },
            {
                "type": "condition",
                "property": "minecraft:component",
                "predicate": "minecraft:enchantments",
                "value": [{
                    "enchantments": "minecraft:frost_walker"
                }],
                "on_true": { "type": "model", "model": "minecraft:item/armor/boots/frost_walker" },
                "on_false": { "type": "empty" }
            },
            {
                "type": "condition",
                "property": "component",
                "predicate": "enchantments",
                "value": [{"enchantments": "vanishing_curse"}],
                "on_true": {
                    "type": "model",
                    "model": "item/armor/boots/vanishing/copper_boots"
                },
                "on_false": {
                    "type": "model",
                    "model": "item/copper_boots"
                }
            },
            {
                "type": "condition",
                "property": "minecraft:component",
                "predicate": "minecraft:enchantments",
                "value": [{
                    "enchantments": "minecraft:unbreaking"
                }],
                "on_true": { "type": "model", "model": "minecraft:item/armor/boots/unbreaking" },
                "on_false": { "type": "empty" }
            },
            {
                "type": "condition",
                "property": "has_component",
                "component": "trim",
                "on_true": {
                    "type": "minecraft:select",
                    "cases": [
                        {
                            "model": {
                                "type": "minecraft:model",
                                "model": "minecraft:item/armor/boots_quartz_trim"
                            },
                            "when": ["quartz"]
                        },
                        {
                            "model": {
                                "type": "minecraft:model",
                                "model": "minecraft:item/armor/boots_iron_trim"
                            },
                            "when": "minecraft:iron"
                        },
                        {
                            "model": {
                                "type": "minecraft:model",
                                "model": "minecraft:item/armor/boots_netherite_trim"
                            },
                            "when": "minecraft:netherite"
                        },
                        {
                            "model": {
                                "type": "minecraft:model",
                                "model": "minecraft:item/armor/boots_redstone_trim"
                            },
                            "when": "minecraft:redstone"
                        },
                        {
                            "model": {
                                "type": "minecraft:model",
                                "model": "minecraft:item/armor/boots_diamond_trim"
                            },
                            "when": "minecraft:diamond"
                        },
                        {
                            "model": {
                                "type": "minecraft:model",
                                "model": "minecraft:item/armor/boots_gold_trim"
                            },
                            "when": "minecraft:gold"
                        },
                        {
                            "model": {
                                "type": "minecraft:model",
                                "model": "minecraft:item/armor/boots_emerald_trim"
                            },
                            "when": "minecraft:emerald"
                        },
                        {
                            "model": {
                                "type": "minecraft:model",
                                "model": "minecraft:item/armor/boots_copper_trim"
                            },
                            "when": "minecraft:copper"
                        },
                        {
                            "model": {
                                "type": "minecraft:model",
                                "model": "minecraft:item/armor/boots_lapis_trim"
                            },
                            "when": "minecraft:lapis"
                        },
                        {
                            "model": {
                                "type": "minecraft:model",
                                "model": "minecraft:item/armor/boots_amethyst_trim"
                            },
                            "when": "minecraft:amethyst"
                        },
                        {
                            "model": {
                                "type": "minecraft:model",
                                "model": "minecraft:item/armor/boots_resin_trim"
                            },
                            "when": "minecraft:resin"
                        }
                    ],
                    "property": "trim_material",
                    "fallback": {"type": "empty"}
                },
                "on_false": {"type": "empty"}
            },
            {
                "type": "condition",
                "property": "minecraft:component",
                "predicate": "minecraft:enchantments",
                "value": [{
                    "enchantments": "minecraft:blast_protection"
                }],
                "on_true": { "type": "model", "model": "minecraft:item/armor/boots/blast_protection" },
                "on_false": { "type": "empty" }
            },
            {
                "type": "condition",
                "property": "minecraft:component",
                "predicate": "minecraft:enchantments",
                "value": [{
                    "enchantments": "minecraft:fire_protection"
                }],
                "on_true": { "type": "model", "model": "minecraft:item/armor/boots/fire_protection" },
                "on_false": { "type": "empty" }
            },
            {
                "type": "condition",
                "property": "minecraft:component",
                "predicate": "minecraft:enchantments",
                "value": [{
                    "enchantments": "minecraft:projectile_protection"
                }],
                "on_true": { "type": "model", "model": "minecraft:item/armor/boots/projectile_protection" },
                "on_false": { "type": "empty" }
            },
            {
                "type": "condition",
                "property": "minecraft:component",
                "predicate": "minecraft:enchantments",
                "value": [{
                    "enchantments": "minecraft:protection"
                }],
                "on_true": { "type": "model", "model": "minecraft:item/armor/boots/protection" },
                "on_false": { "type": "empty" }
            },
            {
                "type": "condition",
                "property": "minecraft:component",
                "predicate": "minecraft:enchantments",
                "value": [{
                    "enchantments": "minecraft:thorns"
                }],
                "on_true": { "type": "model", "model": "minecraft:item/armor/boots/thorns" },
                "on_false": { "type": "empty" }
            },
            {
                "type": "condition",
                "property": "minecraft:component",
                "predicate": "minecraft:enchantments",
                "value": [{
                    "enchantments": "minecraft:mending"
                }],
                "on_true": { "type": "model", "model": "minecraft:item/armor/mending" },
                "on_false": { "type": "empty" }
            },
            {
                "type": "condition",
                "property": "minecraft:component",
                "predicate": "minecraft:enchantments",
                "value": [{
                    "enchantments": "minecraft:binding_curse"
                }],
                "on_true": { "type": "model", "model": "minecraft:item/armor/binding" },
                "on_false": { "type": "empty" }
            }
        ]
    }
    
}