{
    "hand_animation_on_swap": false,
    "model": {
        "type": "composite",
        "models": [
            {
                "type": "condition",
                "property": "minecraft:component",
                "predicate": "minecraft:enchantments",
                "value": [{
                    "enchantments": "minecraft:fire_aspect"
                }],
                "on_true": {
                    "type": "condition",
                    "property": "component",
                    "predicate": "enchantments",
                    "value": [{"enchantments": "sweeping_edge"}],
                    "on_true": {"type": "model","model": "item/sword/fire_aspect_blue_big"},
                    "on_false": {"type": "model","model": "minecraft:item/sword/fire_aspect_blue"}
                },
                "on_false": { "type": "empty" }
            },
            {
                "type": "condition",
                "property": "component",
                "predicate": "enchantments",
                "value": [{"enchantments": "sweeping_edge"}],
                "on_true": {
                    "type": "condition",
                    "property": "component",
                    "predicate": "enchantments",
                    "value": [{"enchantments": "bane_of_arthropods"}],
                    "on_true": {
                        "type": "condition",
                        "property": "component",
                        "predicate": "enchantments",
                        "value": [{"enchantments": "vanishing_curse"}],
                        "on_true": {"type": "model","model": "item/sword/blade/sweeping/bane/vanishing/netherite_sword"},
                        "on_false": {"type": "model","model": "item/sword/blade/sweeping/bane/netherite_sword"}
                    },
                    "on_false": {
                        "type": "condition",
                        "property": "component",
                        "predicate": "enchantments",
                        "value": [{"enchantments": "sharpness"}],
                        "on_true": {
                            "type": "condition",
                            "property": "component",
                            "predicate": "enchantments",
                            "value": [{"enchantments": "vanishing_curse"}],
                            "on_true": {"type": "model","model": "item/sword/blade/sweeping/sharpness/vanishing/netherite_sword"},
                            "on_false": {"type": "model","model": "item/sword/blade/sweeping/sharpness/netherite_sword"}
                        },
                        "on_false": {
                            "type": "condition",
                            "property": "component",
                            "predicate": "enchantments",
                            "value": [{"enchantments": "smite"}],
                            "on_true": {
                                "type": "condition",
                                "property": "component",
                                "predicate": "enchantments",
                                "value": [{"enchantments": "vanishing_curse"}],
                                "on_true": {"type": "model","model": "item/sword/blade/sweeping/smite/vanishing/netherite_sword"},
                                "on_false": {"type": "model","model": "item/sword/blade/sweeping/smite/netherite_sword"}
                            },
                            "on_false": {
                                "type": "condition",
                                "property": "component",
                                "predicate": "enchantments",
                                "value": [{"enchantments": "vanishing_curse"}],
                                "on_true": {"type": "model","model": "item/sword/blade/sweeping/vanishing/netherite_sword"},
                                "on_false": {"type": "model","model": "item/sword/blade/sweeping/netherite_sword"}
                            }
                        }
                    }
                },
                "on_false": {
                    "type": "condition",
                    "property": "component",
                    "predicate": "enchantments",
                    "value": [{"enchantments": "bane_of_arthropods"}],
                    "on_true": {
                        "type": "condition",
                        "property": "component",
                        "predicate": "enchantments",
                        "value": [{"enchantments": "vanishing_curse"}],
                        "on_true": {"type": "model","model": "item/sword/blade/bane/vanishing/netherite_sword"},
                        "on_false": {"type": "model","model": "item/sword/blade/bane/netherite_sword"}
                    },
                    "on_false": {
                        "type": "condition",
                        "property": "component",
                        "predicate": "enchantments",
                        "value": [{"enchantments": "sharpness"}],
                        "on_true": {
                            "type": "condition",
                            "property": "component",
                            "predicate": "enchantments",
                            "value": [{"enchantments": "vanishing_curse"}],
                            "on_true": {"type": "model","model": "item/sword/blade/sharpness/vanishing/netherite_sword"},
                            "on_false": {"type": "model","model": "item/sword/blade/sharpness/netherite_sword"}
                        },
                        "on_false": {
                            "type": "condition",
                            "property": "component",
                            "predicate": "enchantments",
                            "value": [{"enchantments": "smite"}],
                            "on_true": {
                                "type": "condition",
                                "property": "component",
                                "predicate": "enchantments",
                                "value": [{"enchantments": "vanishing_curse"}],
                                "on_true": {"type": "model","model": "item/sword/blade/smite/vanishing/netherite_sword"},
                                "on_false": {"type": "model","model": "item/sword/blade/smite/netherite_sword"}
                            },
                            "on_false": {
                                "type": "condition",
                                "property": "component",
                                "predicate": "enchantments",
                                "value": [{"enchantments": "vanishing_curse"}],
                                "on_true": {"type": "model","model": "item/sword/blade/vanishing/netherite_sword"},
                                "on_false": {"type": "model","model": "item/sword/blade/netherite_sword"}
                            }
                        }
                    }
                }
            },
            {
                "type": "model",
                "model": "item/sword/pummel/netherite_sword"
            },
            {
                "type": "condition",
                "property": "component",
                "predicate": "enchantments",
                "value": [{"enchantments": "knockback"}],
                "on_true": {
                    "type": "condition",
                    "property": "component",
                    "predicate": "enchantments",
                    "value": [{"enchantments": "unbreaking"}],
                    "on_true": {"type": "model","model": "item/sword/knockback_unbreaking"},
                    "on_false": {"type": "model","model": "item/sword/knockback"}
                },
                "on_false": {
                    "type": "composite",
                    "models": [
                        {
                            "type": "model",
                            "model": "item/sword/hilt/netherite_sword"
                        },
                        {
                            "type": "condition",
                            "property": "component",
                            "predicate": "enchantments",
                            "value": [{"enchantments": "unbreaking"}],
                            "on_true": {"type": "model","model": "item/sword/unbreaking"},
                            "on_false": {"type": "empty"}
                        }
                    ]

                }
            },
            {
                "type": "condition",
                "property": "component",
                "predicate": "enchantments",
                "value": [{"enchantments": "looting"}],
                "on_true": {"type": "model","model": "item/sword/looting"},
                "on_false": {"type": "empty"}
            },
            {
                "type": "condition",
                "property": "component",
                "predicate": "enchantments",
                "value": [{"enchantments": "mending"}],
                "on_true": {"type": "model","model": "item/sword/mending"},
                "on_false": {"type": "empty"}
            }
        ]
    },
    "oversized_in_gui": true
}