{
    "providers": [
        {"type": "space",
            "advances": {
                "\uEB00": -16
            }
        },
        {"type": "space",
            "advances": {
                "\uEB01": -8
            }
        },
        {"type": "space",
            "advances": {
                "\uEB02": -5
            }
        },
        {"type": "space",
            "advances": {
                "\uEB03": -169
            }
        },
        {
            "type": "bitmap",
            "file": "minecraft:opti_vi_tul/gui/empty.png",
            "ascent": 0,
            "height": 1,
            "chars": [
                "\uEC01"
            ]
        },
        {
            "type": "bitmap",
            "file": "minecraft:opti_vi_tul/anim/compas.png",
            "ascent": 0,
            "height": 231,
            "chars": [
                "\uEC02"
            ]
        },
        {
            "type": "bitmap",
            "file": "minecraft:opti_vi_tul/anim/ender_eye.png",
            "ascent": 0,
            "height": 90,
            "chars": [
                "\uEC03"
            ]
        },
        {
            "type": "bitmap",
            "file": "minecraft:opti_vi_tul/anim/dropper/dropper.png",
            "ascent": 0,
            "height": 231,
            "chars": [
                "\uEC04"
            ]
        },
        {
            "type": "bitmap",
            "file": "minecraft:opti_vi_tul/anim/dropper/piston_1.png",
            "ascent": 0,
            "height": 128,
            "chars": [
                "\uEC05"
            ]
        },
        {
            "type": "bitmap",
            "file": "minecraft:opti_vi_tul/anim/dropper/piston_2.png",
            "ascent": 0,
            "height": 48,
            "chars": [
                "\uEC06"
            ]
        },
        {
            "type": "bitmap",
            "file": "minecraft:opti_vi_tul/anim/dispenser/dispenser.png",
            "ascent": 0,
            "height": 231,
            "chars": [
                "\uEC07"
            ]
        },
        {
            "type": "bitmap",
            "file": "minecraft:opti_vi_tul/anim/dispenser/dispenser_bow.png",
            "ascent": 0,
            "height": 204,
            "chars": [
                "\uEC08"
            ]
        },
        {
            "type": "bitmap",
            "file": "minecraft:opti_vi_tul/anim/anvil.png",
            "ascent": 0,
            "height": 252,
            "chars": [
                "\uEC09"
            ]
        },
        {
            "type": "bitmap",
            "file": "minecraft:opti_vi_tul/anim/smithing.png",
            "ascent": 0,
            "height": 252,
            "chars": [
                "\uEC10"
            ]
        },
        {
            "type": "bitmap",
            "file": "minecraft:opti_vi_tul/anim/sawblade.png",
            "ascent": 0,
            "height": 134,
            "chars": [
                "\uEC11"
            ]
        },
        {
            "type": "bitmap",
            "file": "minecraft:opti_vi_tul/gui/chests/barrel.png",
            "ascent": 13,
            "height": 81,
            "chars": [
                "\uEA0B"
            ]
        },
        {
            "type": "bitmap",
            "file": "minecraft:opti_vi_tul/gui/chests/ender.png",
            "ascent": 13,
            "height": 81,
            "chars": [
                "\uEA0C"
            ]
        },
        {
            "type": "bitmap",
            "file": "minecraft:opti_vi_tul/gui/horse/horse.png",
            "ascent": 6,
            "height": 73,
            "chars": [
                "\uEA10"
            ]
        },
        {
            "type": "bitmap",
            "file": "minecraft:opti_vi_tul/gui/horse/llama.png",
            "ascent": 6,
            "height": 73,
            "chars": [
                "\uEA11"
            ]
        },
        {
            "type": "bitmap",
            "file": "minecraft:opti_vi_tul/gui/horse/trader_llama.png",
            "ascent": 6,
            "height": 73,
            "chars": [
                "\uEA12"
            ]
        },
        {
            "type": "bitmap",
            "file": "minecraft:opti_vi_tul/gui/horse/saddle.png",
            "ascent": 6,
            "height": 73,
            "chars": [
                "\uEA13"
            ]
        },
        {
            "type": "bitmap",
            "file": "minecraft:opti_vi_tul/gui/horse/saddle_chest.png",
            "ascent": 6,
            "height": 73,
            "chars": [
                "\uEA14"
            ]
        },
        {
            "type": "bitmap",
            "file": "minecraft:opti_vi_tul/gui/minecart.png",
            "ascent": 21,
            "height": 96,
            "chars": [
                "\uEA00"
            ]
        },
        {
            "type": "bitmap",
            "file": "minecraft:opti_vi_tul/gui/chest_boat/acacia.png",
            "ascent": 21,
            "height": 101,
            "chars": [
                "\uEA01"
            ]
        },
        {
            "type": "bitmap",
            "file": "minecraft:opti_vi_tul/gui/chest_boat/birch.png",
            "ascent": 21,
            "height": 101,
            "chars": [
                "\uEA02"
            ]
        },
        {
            "type": "bitmap",
            "file": "minecraft:opti_vi_tul/gui/chest_boat/cherry.png",
            "ascent": 21,
            "height": 101,
            "chars": [
                "\uEA03"
            ]
        },
        {
            "type": "bitmap",
            "file": "minecraft:opti_vi_tul/gui/chest_boat/dark_oak.png",
            "ascent": 21,
            "height": 101,
            "chars": [
                "\uEA04"
            ]
        },
        {
            "type": "bitmap",
            "file": "minecraft:opti_vi_tul/gui/chest_boat/jungle.png",
            "ascent": 21,
            "height": 101,
            "chars": [
                "\uEA05"
            ]
        },
        {
            "type": "bitmap",
            "file": "minecraft:opti_vi_tul/gui/chest_boat/mangrove.png",
            "ascent": 21,
            "height": 101,
            "chars": [
                "\uEA06"
            ]
        },
        {
            "type": "bitmap",
            "file": "minecraft:opti_vi_tul/gui/chest_boat/oak.png",
            "ascent": 21,
            "height": 101,
            "chars": [
                "\uEA07"
            ]
        },
        {
            "type": "bitmap",
            "file": "minecraft:opti_vi_tul/gui/chest_boat/pale_oak.png",
            "ascent": 21,
            "height": 101,
            "chars": [
                "\uEA08"
            ]
        },
        {
            "type": "bitmap",
            "file": "minecraft:opti_vi_tul/gui/chest_boat/spruce.png",
            "ascent": 21,
            "height": 101,
            "chars": [
                "\uEA09"
            ]
        },
        {
            "type": "bitmap",
            "file": "minecraft:opti_vi_tul/gui/chest_boat/bamboo.png",
            "ascent": 21,
            "height": 96,
            "chars": [
                "\uEA0A"
            ]
        },
        {
            "type": "bitmap",
            "file": "minecraft:opti_vi_tul/gui/shulker_box/black.png",
            "ascent": 0,
            "height": 0.1,
            "chars": [
                "\uEA20"
            ]
        },
        {
            "type": "bitmap",
            "file": "minecraft:opti_vi_tul/gui/shulker_box/blue.png",
            "ascent": 0,
            "height": 0.1,
            "chars": [
                "\uEA21"
            ]
        },
        {
            "type": "bitmap",
            "file": "minecraft:opti_vi_tul/gui/shulker_box/brown.png",
            "ascent": 0,
            "height": 0.1,
            "chars": [
                "\uEA22"
            ]
        },
        {
            "type": "bitmap",
            "file": "minecraft:opti_vi_tul/gui/shulker_box/cyan.png",
            "ascent": 0,
            "height": 0.1,
            "chars": [
                "\uEA23"
            ]
        },
        {
            "type": "bitmap",
            "file": "minecraft:opti_vi_tul/gui/shulker_box/gray.png",
            "ascent": 0,
            "height": 0.1,
            "chars": [
                "\uEA24"
            ]
        },
        {
            "type": "bitmap",
            "file": "minecraft:opti_vi_tul/gui/shulker_box/green.png",
            "ascent": 0,
            "height": 0.1,
            "chars": [
                "\uEA25"
            ]
        },
        {
            "type": "bitmap",
            "file": "minecraft:opti_vi_tul/gui/shulker_box/light_blue.png",
            "ascent": 0,
            "height": 0.1,
            "chars": [
                "\uEA26"
            ]
        },
        {
            "type": "bitmap",
            "file": "minecraft:opti_vi_tul/gui/shulker_box/light_gray.png",
            "ascent": 0,
            "height": 0.1,
            "chars": [
                "\uEA27"
            ]
        },
        {
            "type": "bitmap",
            "file": "minecraft:opti_vi_tul/gui/shulker_box/lime.png",
            "ascent": 0,
            "height": 0.1,
            "chars": [
                "\uEA28"
            ]
        },
        {
            "type": "bitmap",
            "file": "minecraft:opti_vi_tul/gui/shulker_box/magenta.png",
            "ascent": 0,
            "height": 0.1,
            "chars": [
                "\uEA29"
            ]
        },
        {
            "type": "bitmap",
            "file": "minecraft:opti_vi_tul/gui/shulker_box/orange.png",
            "ascent": 0,
            "height": 0.1,
            "chars": [
                "\uEA2A"
            ]
        },
        {
            "type": "bitmap",
            "file": "minecraft:opti_vi_tul/gui/shulker_box/pink.png",
            "ascent": 0,
            "height": 0.1,
            "chars": [
                "\uEA2B"
            ]
        },
        {
            "type": "bitmap",
            "file": "minecraft:opti_vi_tul/gui/shulker_box/purple.png",
            "ascent": 0,
            "height": 0.1,
            "chars": [
                "\uEA2C"
            ]
        },
        {
            "type": "bitmap",
            "file": "minecraft:opti_vi_tul/gui/shulker_box/red.png",
            "ascent": 0,
            "height": 0.1,
            "chars": [
                "\uEA2D"
            ]
        },
        {
            "type": "bitmap",
            "file": "minecraft:opti_vi_tul/gui/shulker_box/white.png",
            "ascent": 0,
            "height": 0.1,
            "chars": [
                "\uEA2E"
            ]
        },
        {
            "type": "bitmap",
            "file": "minecraft:opti_vi_tul/gui/shulker_box/yellow.png",
            "ascent": 0,
            "height": 0.1,
            "chars": [
                "\uEA2F"
            ]
        },
        {
            "type": "bitmap",
            "file": "minecraft:opti_vi_tul/gui/shulker_box/zshulker.png",
            "ascent": 0,
            "height": 0.1,
            "chars": [
                "\uEA30"
            ]
        },
        {
            "type": "bitmap",
            "file": "minecraft:opti_vi_tul/gui/villager/armorer.png",
            "ascent": 0,
            "height": 0.1,
            "chars": [
                "\uEA31"
            ]
        },
        {
            "type": "bitmap",
            "file": "minecraft:opti_vi_tul/gui/villager/butcher.png",
            "ascent": 0,
            "height": 0.1,
            "chars": [
                "\uEA32"
            ]
        },
        {
            "type": "bitmap",
            "file": "minecraft:opti_vi_tul/gui/villager/cartographer.png",
            "ascent": 0,
            "height": 0.1,
            "chars": [
                "\uEA33"
            ]
        },
        {
            "type": "bitmap",
            "file": "minecraft:opti_vi_tul/gui/villager/cleric.png",
            "ascent": 0,
            "height": 0.1,
            "chars": [
                "\uEA34"
            ]
        },
        {
            "type": "bitmap",
            "file": "minecraft:opti_vi_tul/gui/villager/farmer.png",
            "ascent": 0,
            "height": 0.1,
            "chars": [
                "\uEA35"
            ]
        },
        {
            "type": "bitmap",
            "file": "minecraft:opti_vi_tul/gui/villager/fisherman.png",
            "ascent": 0,
            "height": 0.1,
            "chars": [
                "\uEA36"
            ]
        },
        {
            "type": "bitmap",
            "file": "minecraft:opti_vi_tul/gui/villager/fletcher.png",
            "ascent": 0,
            "height": 0.1,
            "chars": [
                "\uEA37"
            ]
        },
        {
            "type": "bitmap",
            "file": "minecraft:opti_vi_tul/gui/villager/leatherworker.png",
            "ascent": 0,
            "height": 0.1,
            "chars": [
                "\uEA38"
            ]
        },
        {
            "type": "bitmap",
            "file": "minecraft:opti_vi_tul/gui/villager/librarian.png",
            "ascent": 0,
            "height": 0.1,
            "chars": [
                "\uEA39"
            ]
        },
        {
            "type": "bitmap",
            "file": "minecraft:opti_vi_tul/gui/villager/mason.png",
            "ascent": 0,
            "height": 0.1,
            "chars": [
                "\uEA3A"
            ]
        },
        {
            "type": "bitmap",
            "file": "minecraft:opti_vi_tul/gui/villager/shepherd.png",
            "ascent": 0,
            "height": 0.1,
            "chars": [
                "\uEA3B"
            ]
        },
        {
            "type": "bitmap",
            "file": "minecraft:opti_vi_tul/gui/villager/toolsmith.png",
            "ascent": 0,
            "height": 0.1,
            "chars": [
                "\uEA3C"
            ]
        },
        {
            "type": "bitmap",
            "file": "minecraft:opti_vi_tul/gui/villager/weaponsmith.png",
            "ascent": 0,
            "height": 0.1,
            "chars": [
                "\uEA3D"
            ]
        },
        {
            "type": "bitmap",
            "file": "minecraft:opti_vi_tul/gui/villager/trader.png",
            "ascent": 0,
            "height": 0.1,
            "chars": [
                "\uEA3E"
            ]
        },
        {
            "type": "bitmap",
            "file": "minecraft:opti_vi_tul/anim/villager/armorer.png",
            "ascent": 0,
            "height": 0.1,
            "chars": [
                "\uEA3F"
            ]
        },
        {
            "type": "bitmap",
            "file": "minecraft:opti_vi_tul/anim/villager/cartographer.png",
            "ascent": 0,
            "height": 0.1,
            "chars": [
                "\uEA40"
            ]
        },
        {
            "type": "bitmap",
            "file": "minecraft:opti_vi_tul/anim/villager/default.png",
            "ascent": 0,
            "height": 0.1,
            "chars": [
                "\uEA41"
            ]
        },
        {
            "type": "bitmap",
            "file": "minecraft:opti_vi_tul/anim/villager/farmer.png",
            "ascent": 0,
            "height": 0.1,
            "chars": [
                "\uEA42"
            ]
        },
        {
            "type": "bitmap",
            "file": "minecraft:opti_vi_tul/anim/villager/fletcher.png",
            "ascent": 0,
            "height": 0.1,
            "chars": [
                "\uEA43"
            ]
        },
        {
            "type": "bitmap",
            "file": "minecraft:opti_vi_tul/anim/villager/librarian.png",
            "ascent": 0,
            "height": 0.1,
            "chars": [
                "\uEA44"
            ]
        },
        {
            "type": "bitmap",
            "file": "minecraft:opti_vi_tul/anim/villager/weaponsmith.png",
            "ascent": 0,
            "height": 0.1,
            "chars": [
                "\uEA45"
            ]
        },
        {
            "type": "bitmap",
            "file": "minecraft:opti_vi_tul/anim/villager/trader.png",
            "ascent": 0,
            "height": 0.1,
            "chars": [
                "\uEA46"
            ]
        }
    ]
}